review,label
Great product and fast delivery,real
Excellent quality and worth the money,real
The package arrived on time and works perfectly,real
Good quality and reasonable price,real
Battery backup is excellent,real
Packaging was secure and delivery was fast,real
The laptop performs well for daily tasks,real
Product matches the description,real
Satisfied with the purchase,real
Good value for money,real

Buy now best product in the world,fake
Amazing amazing amazing buy immediately,fake
Five stars best thing ever created,fake
Unbelievable product must buy now,fake
Perfect product everyone should purchase,fake
Guaranteed satisfaction buy now,fake
Life changing product order today,fake
Best purchase ever made,fake
Must buy immediately don't miss out,fake
Absolutely amazing unbelievable quality,fake